{"name":"50e392bb-755b-47ff-ac75-34afbc9d1045","id":"/providers/Microsoft.Flow/flows/50e392bb-755b-47ff-ac75-34afbc9d1045","type":"Microsoft.Flow/flows","properties":{"apiId":"/providers/Microsoft.PowerApps/apis/shared_logicflows","displayName":"2024Recurrence -> List rows present in a table,Apply to each,Condition,...","definition":{"metadata":{"workflowEntityId":null,"processAdvisorMetadata":null,"flowChargedByPaygo":null,"flowclientsuspensionreason":"None","flowclientsuspensiontime":null,"flowclientsuspensionreasondetails":null,"creator":{"id":"2a3d358b-b769-4dea-b316-52255fdb2912","type":"User","tenantId":"db08e4ba-c0c6-4893-8bbe-8f3b86b87652"},"provisioningMethod":"FromDefinition","failureAlertSubscription":true,"clientLastModifiedTime":"2024-07-04T09:01:24.9259164Z","connectionKeySavedTimeKey":"2024-07-04T09:01:24.9259164Z"},"$schema":"https://schema.management.azure.com/providers/Microsoft.Logic/schemas/2016-06-01/workflowdefinition.json#","contentVersion":"1.0.0.0","parameters":{"$authentication":{"defaultValue":{},"type":"SecureObject"},"$connections":{"defaultValue":{},"type":"Object"}},"triggers":{"Recurrence":{"recurrence":{"frequency":"Week","interval":1,"timeZone":"FLE Standard Time","schedule":{"weekDays":["Monday","Tuesday","Wednesday","Thursday","Friday"],"hours":["8","9","10","11","12","13","14","15","16"],"minutes":[1]}},"metadata":{"operationMetadataId":"d8c5a9fe-9cbb-4c4d-b2fb-792e39b320aa"},"type":"Recurrence"}},"actions":{"List_rows_present_in_a_table":{"runAfter":{},"metadata":{"01IRLP3LQ5WCIS3KODUJEZ4QBDUT4VDAAU":"/General/Activity Calendar 2024 pilot Nenaudoti niekam.xlsx","operationMetadataId":"c9d90b43-0338-4c80-909c-e5c46fd20d8a","tableId":"{590ECCD4-A95E-4BDD-954D-2D94AFF51C1C}","012WVRVEAVKZOC3HD52NFLDZC6YCVDH5X7":"/General/Activity Calendar 2024/Activity Calendar 2024.xlsx"},"type":"OpenApiConnection","inputs":{"parameters":{"source":"groups/0df77740-46e7-47a0-b080-0a738c373c81","drive":"b!T-GoLETgdkukllCP6RBS1NUb-ynISDdAqL1sTDP6ugp9xcPgZrJ6RZP8IMOG4r_B","file":"012WVRVEAVKZOC3HD52NFLDZC6YCVDH5X7","table":"{590ECCD4-A95E-4BDD-954D-2D94AFF51C1C}"},"host":{"apiId":"/providers/Microsoft.PowerApps/apis/shared_excelonlinebusiness","connectionName":"shared_excelonlinebusiness","operationId":"GetItems"},"authentication":"@parameters('$authentication')"}},"Apply_to_each":{"foreach":"@outputs('List_rows_present_in_a_table')?['body/value']","actions":{"Condition":{"actions":{"Start_and_wait_for_an_approval":{"metadata":{"operationMetadataId":"2b9ceee0-4a1c-4774-bd77-e3585a2872a3"},"type":"OpenApiConnectionWebhook","inputs":{"parameters":{"approvalType":"CustomResponse","WebhookApprovalCreationInput/responseOptions":["Approve","Do not approve"],"WebhookApprovalCreationInput/title":"Please review and approve @{items('Apply_to_each')?['Requester']}request @{items('Apply_to_each')?['EventName']}","WebhookApprovalCreationInput/assignedTo":"Remigijus.Gricius@Hollister.com;Gintaras.Baltramaitis@Hollister.com;","WebhookApprovalCreationInput/itemLink":"https://hollisterincorporatedeur.sharepoint.com/:x:/r/sites/KaunasOSTSupplyPlanning/Shared%20Documents/General/Activity%20Calendar%202024/Activity%20Calendar%202024.xlsx?d=w2d5c56157d9c4ad3b1e45ec0aa33f6ff&csf=1&web=1&e=8c5TBh","WebhookApprovalCreationInput/enableNotifications":true,"WebhookApprovalCreationInput/enableReassignment":true},"host":{"apiId":"/providers/Microsoft.PowerApps/apis/shared_approvals","connectionName":"shared_approvals","operationId":"StartAndWaitForAnApproval"},"authentication":"@parameters('$authentication')"}},"Condition_2":{"actions":{"Update_a_row":{"runAfter":{"Create_a_Teams_meeting":["Succeeded"]},"metadata":{"01IRLP3LQ5WCIS3KODUJEZ4QBDUT4VDAAU":"/General/Activity Calendar 2024 pilot Nenaudoti niekam.xlsx","operationMetadataId":"ef00ceff-9044-489d-aa4a-92d58d290f2f","tableId":"{590ECCD4-A95E-4BDD-954D-2D94AFF51C1C}","012WVRVEAVKZOC3HD52NFLDZC6YCVDH5X7":"/General/Activity Calendar 2024/Activity Calendar 2024.xlsx"},"type":"OpenApiConnection","inputs":{"parameters":{"source":"groups/0df77740-46e7-47a0-b080-0a738c373c81","drive":"b!T-GoLETgdkukllCP6RBS1NUb-ynISDdAqL1sTDP6ugp9xcPgZrJ6RZP8IMOG4r_B","file":"012WVRVEAVKZOC3HD52NFLDZC6YCVDH5X7","table":"{590ECCD4-A95E-4BDD-954D-2D94AFF51C1C}","idColumn":"ID","id":"@items('Apply_to_each')?['ID']","item/Approved_Event_Created":"Yes"},"host":{"apiId":"/providers/Microsoft.PowerApps/apis/shared_excelonlinebusiness","connectionName":"shared_excelonlinebusiness","operationId":"PatchItem"},"authentication":"@parameters('$authentication')"}},"Create_a_Teams_meeting":{"metadata":{"operationMetadataId":"e02f5d80-208e-4547-815b-6f88d81dd1a0"},"type":"OpenApiConnection","inputs":{"parameters":{"item/subject":"@items('Apply_to_each')?['EventName']","item/body/content":"Sveiki,\n\nRezervuotas įrengimas @{items('Apply_to_each')?['Work Center']}\nBus vykdoma @{items('Apply_to_each')?['EventName']}\nPWO numeris @{items('Apply_to_each')?['PWO number']}\nOperatorių poreikis @{items('Apply_to_each')?['Operator demand']}\nPapildoma informacija @{items('Apply_to_each')?['Additional information']}\nTurint klausimų kreiptis: @{items('Apply_to_each')?['Requester']}","item/timeZone":"E. Europe Standard Time","item/start/dateTime":"@items('Apply_to_each')?['EventStart time']","item/end/dateTime":"@items('Apply_to_each')?['EventEndTime']","calendarid":"Calendar","item/requiredAttendees":"@{items('Apply_to_each')?['Required Attendees']};@{items('Apply_to_each')?['Requester email']}","item/optionalAttendees":"Remigijus.Gricius@Hollister.com; Gintaras.Baltramaitis@Hollister.com; VSOSTTEAMLEADS@hollister.com"},"host":{"apiId":"/providers/Microsoft.PowerApps/apis/shared_teams","connectionName":"shared_teams","operationId":"CreateTeamsMeeting"},"authentication":"@parameters('$authentication')"}}},"runAfter":{"Start_and_wait_for_an_approval":["Succeeded"]},"else":{"actions":{"Send_an_email_(V2)":{"metadata":{"operationMetadataId":"7d1f10a2-b1f1-4310-82b1-a785a0a9cba2"},"type":"OpenApiConnection","inputs":{"parameters":{"emailMessage/To":"@items('Apply_to_each')?['Requester email']","emailMessage/Subject":"@items('Apply_to_each')?['EventName']","emailMessage/Body":"<p>Sveiki,<br>\n<br>\nJūsų užklausa &nbsp;@{items('Apply_to_each')?['EventName']} buvo atmesta.</p>","emailMessage/Importance":"Normal"},"host":{"apiId":"/providers/Microsoft.PowerApps/apis/shared_office365","connectionName":"shared_office365","operationId":"SendEmailV2"},"authentication":"@parameters('$authentication')"}},"Update_a_row_2":{"runAfter":{"Send_an_email_(V2)":["Succeeded"]},"metadata":{"01IRLP3LQ5WCIS3KODUJEZ4QBDUT4VDAAU":"/General/Activity Calendar 2024 pilot Nenaudoti niekam.xlsx","operationMetadataId":"58fb1569-2c79-4cfb-8f09-f524508df73c","tableId":"{590ECCD4-A95E-4BDD-954D-2D94AFF51C1C}","012WVRVEAVKZOC3HD52NFLDZC6YCVDH5X7":"/General/Activity Calendar 2024/Activity Calendar 2024.xlsx"},"type":"OpenApiConnection","inputs":{"parameters":{"source":"groups/0df77740-46e7-47a0-b080-0a738c373c81","drive":"b!T-GoLETgdkukllCP6RBS1NUb-ynISDdAqL1sTDP6ugp9xcPgZrJ6RZP8IMOG4r_B","file":"012WVRVEAVKZOC3HD52NFLDZC6YCVDH5X7","table":"{590ECCD4-A95E-4BDD-954D-2D94AFF51C1C}","idColumn":"ID","id":"@items('Apply_to_each')?['ID']","item/Approved_Event_Created":"No"},"host":{"apiId":"/providers/Microsoft.PowerApps/apis/shared_excelonlinebusiness","connectionName":"shared_excelonlinebusiness","operationId":"PatchItem"},"authentication":"@parameters('$authentication')"}}}},"expression":{"equals":["@outputs('Start_and_wait_for_an_approval')?['body/outcome']","Approve"]},"metadata":{"operationMetadataId":"ce90a0c9-0871-4dad-92f7-e06d40569ce4"},"type":"If"}},"else":{"actions":{}},"expression":{"and":[{"equals":["@items('Apply_to_each')?['Event will be needed?']","Yes"]},{"and":[{"equals":["@items('Apply_to_each')?['Approved_Event_Created']",""]}]}]},"metadata":{"operationMetadataId":"1913a5b9-9a71-4213-877b-2b78344b2139"},"type":"If"}},"runAfter":{"List_rows_present_in_a_table":["Succeeded"]},"metadata":{"operationMetadataId":"b8402fd0-ba0c-4357-b317-8b0913715700"},"type":"Foreach"}},"outputs":{}},"connectionReferences":{"shared_excelonlinebusiness":{"connectionName":"shared-excelonlinebu-5c4043f6-8aee-4401-aea2-57ef3aa826c4","source":"Embedded","id":"/providers/Microsoft.PowerApps/apis/shared_excelonlinebusiness","tier":"NotSpecified"},"shared_approvals":{"connectionName":"shared-approvals-263be1fa-6c8f-4169-ba15-20886ae11d02","source":"Embedded","id":"/providers/Microsoft.PowerApps/apis/shared_approvals","tier":"NotSpecified"},"shared_teams":{"connectionName":"shared-teams-52f14f93-7942-48ac-ac2a-280567066e4e","source":"Embedded","id":"/providers/Microsoft.PowerApps/apis/shared_teams","tier":"NotSpecified"},"shared_office365":{"connectionName":"shared-office365-1e696959-e845-4e81-88b5-cbebe547af5f","source":"Embedded","id":"/providers/Microsoft.PowerApps/apis/shared_office365","tier":"NotSpecified"}},"flowFailureAlertSubscribed":false,"isManaged":false}}